[
  {
    "Product": "1kg Plastic",
    "Water Footprint (Liters)": "48"
  },
  {
    "Product": "1ltr Plastic Bottle",
    "Water Footprint (Liters)": "2.3"
  },
  {
    "Product": "Abaca Fibre",
    "Water Footprint (Liters)": "22,654"
  },
  {
    "Product": "Agave Fibres",
    "Water Footprint (Liters)": "6,549"
  },
  {
    "Product": "Almond Butter",
    "Water Footprint (Liters)": "2,724"
  },
  {
    "Product": "Almonds",
    "Water Footprint (Liters)": "1,828"
  },
  {
    "Product": "Almonds, Shelled or Peeled",
    "Water Footprint (Liters)": "16,095"
  },
  {
    "Product": "Almonds, With Shell",
    "Water Footprint (Liters)": "8,047"
  },
  {
    "Product": "Amaranth",
    "Water Footprint (Liters)": "2,200"
  },
  {
    "Product": "Anise",
    "Water Footprint (Liters)": "8,280"
  },
  {
    "Product": "Apple Cider Vinegar",
    "Water Footprint (Liters)": "1,520"
  },
  {
    "Product": "Apple Juice",
    "Water Footprint (Liters)": "1,141"
  },
  {
    "Product": "Apples",
    "Water Footprint (Liters)": "95"
  },
  {
    "Product": "Apples, Dried",
    "Water Footprint (Liters)": "780"
  },
  {
    "Product": "Apples, Fresh",
    "Water Footprint (Liters)": "822"
  },
  {
    "Product": "Apricot Jam",
    "Water Footprint (Liters)": "4,528"
  },
  {
    "Product": "Apricots",
    "Water Footprint (Liters)": "1,287"
  },
  {
    "Product": "Areca Nuts",
    "Water Footprint (Liters)": "11,165"
  },
  {
    "Product": "Artichoke Hearts",
    "Water Footprint (Liters)": "1,200"
  },
  {
    "Product": "Artichokes",
    "Water Footprint (Liters)": "818"
  },
  {
    "Product": "Asparagus",
    "Water Footprint (Liters)": "2,150"
  },
  {
    "Product": "Avocado Oil",
    "Water Footprint (Liters)": "14,726"
  },
  {
    "Product": "Avocados",
    "Water Footprint (Liters)": "1,981"
  },
  {
    "Product": "Bacon",
    "Water Footprint (Liters)": "2,860"
  },
  {
    "Product": "Balsamic Vinegar",
    "Water Footprint (Liters)": "2,312"
  },
  {
    "Product": "Bananas",
    "Water Footprint (Liters)": "790"
  },
  {
    "Product": "Bananas (Dried)",
    "Water Footprint (Liters)": "1,625"
  },
  {
    "Product": "Barbecue Sauce",
    "Water Footprint (Liters)": "1,652"
  },
  {
    "Product": "Barley",
    "Water Footprint (Liters)": "1,977"
  },
  {
    "Product": "Basil (Fresh)",
    "Water Footprint (Liters)": "1,652"
  },
  {
    "Product": "Beans, Dry",
    "Water Footprint (Liters)": "5,053"
  },
  {
    "Product": "Beans, Green",
    "Water Footprint (Liters)": "561"
  },
  {
    "Product": "Bed Sheet (Cotton)",
    "Water Footprint (Liters)": "9,750"
  },
  {
    "Product": "Beef",
    "Water Footprint (Liters)": "15,415"
  },
  {
    "Product": "Beer",
    "Water Footprint (Liters)": "298"
  },
  {
    "Product": "Beetroot Juice",
    "Water Footprint (Liters)": "2,220"
  },
  {
    "Product": "Beets",
    "Water Footprint (Liters)": "1,218"
  },
  {
    "Product": "Biscuit (Packaged)",
    "Water Footprint (Liters)": "4,023"
  },
  {
    "Product": "Black Pepper",
    "Water Footprint (Liters)": "7,200"
  },
  {
    "Product": "Blackberries",
    "Water Footprint (Liters)": "45"
  },
  {
    "Product": "Blueberries",
    "Water Footprint (Liters)": "845"
  },
  {
    "Product": "Bread",
    "Water Footprint (Liters)": "1,608"
  },
  {
    "Product": "Bread (Sourdough)",
    "Water Footprint (Liters)": "1,400"
  },
  {
    "Product": "Broccoli",
    "Water Footprint (Liters)": "285"
  },
  {
    "Product": "Broccoli, Frozen",
    "Water Footprint (Liters)": "1,500"
  },
  {
    "Product": "Brussels Sprouts",
    "Water Footprint (Liters)": "285"
  },
  {
    "Product": "Butter",
    "Water Footprint (Liters)": "5,553"
  },
  {
    "Product": "Buttermilk",
    "Water Footprint (Liters)": "4,378"
  },
  {
    "Product": "Cabbage",
    "Water Footprint (Liters)": "280"
  },
  {
    "Product": "Cabbage, Green",
    "Water Footprint (Liters)": "280"
  },
  {
    "Product": "Cabbage, Red",
    "Water Footprint (Liters)": "1,024"
  },
  {
    "Product": "Cantaloupe and Other Melons",
    "Water Footprint (Liters)": "26"
  },
  {
    "Product": "Car",
    "Water Footprint (Liters)": "52,000\u201383,000"
  },
  {
    "Product": "Cardamoms",
    "Water Footprint (Liters)": "34,319"
  },
  {
    "Product": "Carobs",
    "Water Footprint (Liters)": "5,594"
  },
  {
    "Product": "Carrot Juice",
    "Water Footprint (Liters)": "1,582"
  },
  {
    "Product": "Cashew Apple",
    "Water Footprint (Liters)": "3,793"
  },
  {
    "Product": "Cashew Butter",
    "Water Footprint (Liters)": "2,750"
  },
  {
    "Product": "Cashew Nuts",
    "Water Footprint (Liters)": "14,218"
  },
  {
    "Product": "Cassava",
    "Water Footprint (Liters)": "564"
  },
  {
    "Product": "Cauliflower",
    "Water Footprint (Liters)": "285"
  },
  {
    "Product": "Caviar",
    "Water Footprint (Liters)": "120,000"
  },
  {
    "Product": "Celery",
    "Water Footprint (Liters)": "23"
  },
  {
    "Product": "Celery Juice",
    "Water Footprint (Liters)": "1,790"
  },
  {
    "Product": "Cheese (Cow's Milk)",
    "Water Footprint (Liters)": "360"
  },
  {
    "Product": "Cheese, Goat\u2019s Milk",
    "Water Footprint (Liters)": "2,800"
  },
  {
    "Product": "Cherries",
    "Water Footprint (Liters)": "1,604"
  },
  {
    "Product": "Chestnuts",
    "Water Footprint (Liters)": "2,750"
  },
  {
    "Product": "Chia Seeds",
    "Water Footprint (Liters)": "4,500"
  },
  {
    "Product": "Chicken",
    "Water Footprint (Liters)": "4,325"
  },
  {
    "Product": "Chicken Broth",
    "Water Footprint (Liters)": "1,600"
  },
  {
    "Product": "Chickpeas",
    "Water Footprint (Liters)": "4,177"
  },
  {
    "Product": "Chocolate",
    "Water Footprint (Liters)": "17,196"
  },
  {
    "Product": "Chocolate Cake",
    "Water Footprint (Liters)": "3,900"
  },
  {
    "Product": "Cider (Apple)",
    "Water Footprint (Liters)": "1,200"
  },
  {
    "Product": "Cilantro (Fresh)",
    "Water Footprint (Liters)": "1,125"
  },
  {
    "Product": "Cinnamon",
    "Water Footprint (Liters)": "15,526"
  },
  {
    "Product": "Clementine",
    "Water Footprint (Liters)": "748"
  },
  {
    "Product": "Cloves",
    "Water Footprint (Liters)": "61,205"
  },
  {
    "Product": "Cocoa Beans",
    "Water Footprint (Liters)": "19,928"
  },
  {
    "Product": "Cocoa Butter, Fat and Oil",
    "Water Footprint (Liters)": "33,938"
  },
  {
    "Product": "Cocoa Paste",
    "Water Footprint (Liters)": "24,238"
  },
  {
    "Product": "Cocoa Powder",
    "Water Footprint (Liters)": "15,636"
  },
  {
    "Product": "Coconut Milk",
    "Water Footprint (Liters)": "3,784"
  },
  {
    "Product": "Coconut Oil",
    "Water Footprint (Liters)": "4,490"
  },
  {
    "Product": "Coconut Water",
    "Water Footprint (Liters)": "0.7"
  },
  {
    "Product": "Coffee",
    "Water Footprint (Liters)": "34"
  },
  {
    "Product": "Coffee, Roasted",
    "Water Footprint (Liters)": "18,925"
  },
  {
    "Product": "Coriander",
    "Water Footprint (Liters)": "8,280"
  },
  {
    "Product": "Corn Flour",
    "Water Footprint (Liters)": "144"
  },
  {
    "Product": "Cornstarch",
    "Water Footprint (Liters)": "1,925"
  },
  {
    "Product": "Cotton Fabric",
    "Water Footprint (Liters)": "9,982"
  },
  {
    "Product": "Cotton Lint",
    "Water Footprint (Liters)": "9,113"
  },
  {
    "Product": "Cotton T-shirt",
    "Water Footprint (Liters)": "2,460"
  },
  {
    "Product": "Couscous",
    "Water Footprint (Liters)": "1,755"
  },
  {
    "Product": "Cowpeas",
    "Water Footprint (Liters)": "254"
  },
  {
    "Product": "Cranberries",
    "Water Footprint (Liters)": "276"
  },
  {
    "Product": "Cream (Heavy)",
    "Water Footprint (Liters)": "2,000"
  },
  {
    "Product": "Cream Cheese",
    "Water Footprint (Liters)": "2,920"
  },
  {
    "Product": "Croissants",
    "Water Footprint (Liters)": "4,500"
  },
  {
    "Product": "Cucumber (Pickled)",
    "Water Footprint (Liters)": "3,190"
  },
  {
    "Product": "Cucumber, Pickled",
    "Water Footprint (Liters)": "353"
  },
  {
    "Product": "Cucumbers",
    "Water Footprint (Liters)": "353"
  },
  {
    "Product": "Custard",
    "Water Footprint (Liters)": "2,600"
  },
  {
    "Product": "Dark Chocolate",
    "Water Footprint (Liters)": "2,450"
  },
  {
    "Product": "Dates",
    "Water Footprint (Liters)": "2,277"
  },
  {
    "Product": "Dates (Medjool)",
    "Water Footprint (Liters)": "2,140"
  },
  {
    "Product": "Dill (Fresh)",
    "Water Footprint (Liters)": "1,275"
  },
  {
    "Product": "Dried Mango",
    "Water Footprint (Liters)": "2,850"
  },
  {
    "Product": "Dried Peas",
    "Water Footprint (Liters)": "1,715"
  },
  {
    "Product": "Edamame",
    "Water Footprint (Liters)": "242"
  },
  {
    "Product": "Eggplant Parmesan",
    "Water Footprint (Liters)": "1,960"
  },
  {
    "Product": "Eggplants",
    "Water Footprint (Liters)": "362"
  },
  {
    "Product": "Eggs",
    "Water Footprint (Liters)": "371"
  },
  {
    "Product": "English Muffins",
    "Water Footprint (Liters)": "2,050"
  },
  {
    "Product": "Fava Beans",
    "Water Footprint (Liters)": "76"
  },
  {
    "Product": "Fennel",
    "Water Footprint (Liters)": "8,280"
  },
  {
    "Product": "Feta Cheese",
    "Water Footprint (Liters)": "5,880"
  },
  {
    "Product": "Figs",
    "Water Footprint (Liters)": "3,350"
  },
  {
    "Product": "Fish (Salmon, Farmed)",
    "Water Footprint (Liters)": "3,200"
  },
  {
    "Product": "Flaxseed",
    "Water Footprint (Liters)": "3,500"
  },
  {
    "Product": "French Fries (Frozen)",
    "Water Footprint (Liters)": "2,800"
  },
  {
    "Product": "Fried Chicken",
    "Water Footprint (Liters)": "5,600"
  },
  {
    "Product": "Fruit Salad",
    "Water Footprint (Liters)": "2,120"
  },
  {
    "Product": "Garlic",
    "Water Footprint (Liters)": "589"
  },
  {
    "Product": "Garlic Bread",
    "Water Footprint (Liters)": "3,500"
  },
  {
    "Product": "Ghee",
    "Water Footprint (Liters)": "2,960"
  },
  {
    "Product": "Ginger",
    "Water Footprint (Liters)": "1,657"
  },
  {
    "Product": "Gingerbread Cookies",
    "Water Footprint (Liters)": "2,530"
  },
  {
    "Product": "Gluten-Free Bread",
    "Water Footprint (Liters)": "2,950"
  },
  {
    "Product": "Granola",
    "Water Footprint (Liters)": "2,300"
  },
  {
    "Product": "Grape Juice",
    "Water Footprint (Liters)": "1,210"
  },
  {
    "Product": "Grapefruit",
    "Water Footprint (Liters)": "506"
  },
  {
    "Product": "Grapes",
    "Water Footprint (Liters)": "608"
  },
  {
    "Product": "Green Tea",
    "Water Footprint (Liters)": "2,440"
  },
  {
    "Product": "Ground Beef",
    "Water Footprint (Liters)": "2,457"
  },
  {
    "Product": "Ground Chicken",
    "Water Footprint (Liters)": "1,854"
  },
  {
    "Product": "Guacamole",
    "Water Footprint (Liters)": "4,453"
  },
  {
    "Product": "Guava",
    "Water Footprint (Liters)": "1,800"
  },
  {
    "Product": "Hamburger Patty",
    "Water Footprint (Liters)": "2,672"
  },
  {
    "Product": "Hazelnuts",
    "Water Footprint (Liters)": "10,515"
  },
  {
    "Product": "Hemp Fibre",
    "Water Footprint (Liters)": "2,447"
  },
  {
    "Product": "Hempseed",
    "Water Footprint (Liters)": "3,685"
  },
  {
    "Product": "Honey (Raw)",
    "Water Footprint (Liters)": "2,302"
  },
  {
    "Product": "Hot Sauce",
    "Water Footprint (Liters)": "1,823"
  },
  {
    "Product": "Hummus",
    "Water Footprint (Liters)": "2,895"
  },
  {
    "Product": "Ice Cream (Vanilla)",
    "Water Footprint (Liters)": "3,800"
  },
  {
    "Product": "Iced Tea",
    "Water Footprint (Liters)": "1,000"
  },
  {
    "Product": "Jam (Strawberry)",
    "Water Footprint (Liters)": "3,000"
  },
  {
    "Product": "Jams and Jellies (Various)",
    "Water Footprint (Liters)": "2,600"
  },
  {
    "Product": "Ketchup",
    "Water Footprint (Liters)": "1,920"
  },
  {
    "Product": "Kimchi",
    "Water Footprint (Liters)": "1,120"
  },
  {
    "Product": "Kiwifruit",
    "Water Footprint (Liters)": "57"
  },
  {
    "Product": "Kolaches",
    "Water Footprint (Liters)": "2,690"
  },
  {
    "Product": "Lamb Chop",
    "Water Footprint (Liters)": "6,050"
  },
  {
    "Product": "Lasagna",
    "Water Footprint (Liters)": "4,100"
  },
  {
    "Product": "Lemonade",
    "Water Footprint (Liters)": "1,450"
  },
  {
    "Product": "Lemons",
    "Water Footprint (Liters)": "642"
  },
  {
    "Product": "Lentil Soup",
    "Water Footprint (Liters)": "2,690"
  },
  {
    "Product": "Lentils",
    "Water Footprint (Liters)": "5,874"
  },
  {
    "Product": "Lettuce",
    "Water Footprint (Liters)": "237"
  },
  {
    "Product": "Lime Juice",
    "Water Footprint (Liters)": "1,470"
  },
  {
    "Product": "Lime Zest",
    "Water Footprint (Liters)": "1,150"
  },
  {
    "Product": "Limes",
    "Water Footprint (Liters)": "642"
  },
  {
    "Product": "Lollipop",
    "Water Footprint (Liters)": "1,970"
  },
  {
    "Product": "Mango Juice",
    "Water Footprint (Liters)": "2,430"
  },
  {
    "Product": "Mangoes",
    "Water Footprint (Liters)": "1,800"
  },
  {
    "Product": "Maple Syrup",
    "Water Footprint (Liters)": "3,050"
  },
  {
    "Product": "Marinara Sauce",
    "Water Footprint (Liters)": "2,560"
  },
  {
    "Product": "Marshmallows",
    "Water Footprint (Liters)": "2,850"
  },
  {
    "Product": "Mayonnaise",
    "Water Footprint (Liters)": "2,550"
  },
  {
    "Product": "Melon Seed",
    "Water Footprint (Liters)": "5,184"
  },
  {
    "Product": "Meringue",
    "Water Footprint (Liters)": "2,700"
  },
  {
    "Product": "Milk",
    "Water Footprint (Liters)": "1,020"
  },
  {
    "Product": "Miso Soup",
    "Water Footprint (Liters)": "1,380"
  },
  {
    "Product": "Mixed Nuts",
    "Water Footprint (Liters)": "3,870"
  },
  {
    "Product": "Molasses",
    "Water Footprint (Liters)": "2,250"
  },
  {
    "Product": "Mustard",
    "Water Footprint (Liters)": "1,270"
  },
  {
    "Product": "Mustard Seeds",
    "Water Footprint (Liters)": "2,809"
  },
  {
    "Product": "Natural Rubber",
    "Water Footprint (Liters)": "13,748"
  },
  {
    "Product": "Oat Milk",
    "Water Footprint (Liters)": "2,500"
  },
  {
    "Product": "Oatmeal",
    "Water Footprint (Liters)": "288"
  },
  {
    "Product": "Olive Oil",
    "Water Footprint (Liters)": "14,431"
  },
  {
    "Product": "Olive Oil, Virgin",
    "Water Footprint (Liters)": "14,431"
  },
  {
    "Product": "Olive Tapenade",
    "Water Footprint (Liters)": "3,000"
  },
  {
    "Product": "Oranges",
    "Water Footprint (Liters)": "560"
  },
  {
    "Product": "Palm Oil",
    "Water Footprint (Liters)": "4,971"
  },
  {
    "Product": "Pancakes",
    "Water Footprint (Liters)": "2,130"
  },
  {
    "Product": "Panna Cotta",
    "Water Footprint (Liters)": "3,600"
  },
  {
    "Product": "Papaya",
    "Water Footprint (Liters)": "460"
  },
  {
    "Product": "Papayas",
    "Water Footprint (Liters)": "460"
  },
  {
    "Product": "Pappardelle",
    "Water Footprint (Liters)": "2,100"
  },
  {
    "Product": "Peaches",
    "Water Footprint (Liters)": "910"
  },
  {
    "Product": "Peanut Butter",
    "Water Footprint (Liters)": "5,700"
  },
  {
    "Product": "Peanuts",
    "Water Footprint (Liters)": "3,974"
  },
  {
    "Product": "Pear Juice",
    "Water Footprint (Liters)": "2,100"
  },
  {
    "Product": "Pears",
    "Water Footprint (Liters)": "922"
  },
  {
    "Product": "Peas (Frozen)",
    "Water Footprint (Liters)": "1,200"
  },
  {
    "Product": "Peas, Dry",
    "Water Footprint (Liters)": "1,979"
  },
  {
    "Product": "Pecan Pie",
    "Water Footprint (Liters)": "3,600"
  },
  {
    "Product": "Pesto Sauce",
    "Water Footprint (Liters)": "2,750"
  },
  {
    "Product": "Pickles",
    "Water Footprint (Liters)": "2,850"
  },
  {
    "Product": "Pigeon Peas",
    "Water Footprint (Liters)": "5,494"
  },
  {
    "Product": "Pineapple Cake",
    "Water Footprint (Liters)": "3,200"
  },
  {
    "Product": "Pineapple Juice",
    "Water Footprint (Liters)": "1,273"
  },
  {
    "Product": "Pineapples",
    "Water Footprint (Liters)": "255"
  },
  {
    "Product": "Pistachios",
    "Water Footprint (Liters)": "11,363"
  },
  {
    "Product": "Pizza (Regular)",
    "Water Footprint (Liters)": "2,500"
  },
  {
    "Product": "Pizza (Thin Crust)",
    "Water Footprint (Liters)": "1,900"
  },
  {
    "Product": "Pizza, Sauce and Cheese",
    "Water Footprint (Liters)": "201"
  },
  {
    "Product": "Plantains",
    "Water Footprint (Liters)": "1,602"
  },
  {
    "Product": "Plums",
    "Water Footprint (Liters)": "2,180"
  },
  {
    "Product": "Pork",
    "Water Footprint (Liters)": "5,988"
  },
  {
    "Product": "Pork Ribs",
    "Water Footprint (Liters)": "6,000"
  },
  {
    "Product": "Potato Salad",
    "Water Footprint (Liters)": "2,650"
  },
  {
    "Product": "Potatoes",
    "Water Footprint (Liters)": "287"
  },
  {
    "Product": "Pretzels",
    "Water Footprint (Liters)": "3,300"
  },
  {
    "Product": "Prunes",
    "Water Footprint (Liters)": "708"
  },
  {
    "Product": "Pulled Pork",
    "Water Footprint (Liters)": "6,200"
  },
  {
    "Product": "Quiche",
    "Water Footprint (Liters)": "4,100"
  },
  {
    "Product": "Quinoa",
    "Water Footprint (Liters)": "511"
  },
  {
    "Product": "Raisins",
    "Water Footprint (Liters)": "276"
  },
  {
    "Product": "Rice Cakes",
    "Water Footprint (Liters)": "1,400"
  },
  {
    "Product": "Rice Flour",
    "Water Footprint (Liters)": "2,628"
  },
  {
    "Product": "Rice Pudding",
    "Water Footprint (Liters)": "2,100"
  },
  {
    "Product": "Roasted Chicken",
    "Water Footprint (Liters)": "3,000"
  },
  {
    "Product": "Roasted Vegetables",
    "Water Footprint (Liters)": "1,500"
  },
  {
    "Product": "Rye",
    "Water Footprint (Liters)": "1,544"
  },
  {
    "Product": "Salad (Mixed)",
    "Water Footprint (Liters)": "1,200"
  },
  {
    "Product": "Salsa (Tomato)",
    "Water Footprint (Liters)": "2,040"
  },
  {
    "Product": "Saut\u00e9ed Mushrooms",
    "Water Footprint (Liters)": "1,350"
  },
  {
    "Product": "Sesame Bars",
    "Water Footprint (Liters)": "3,500"
  },
  {
    "Product": "Sesame Oil",
    "Water Footprint (Liters)": "21,793"
  },
  {
    "Product": "Shrimp (Farmed)",
    "Water Footprint (Liters)": "6,400"
  },
  {
    "Product": "Smoothie",
    "Water Footprint (Liters)": "1,800"
  },
  {
    "Product": "Soy Sauce",
    "Water Footprint (Liters)": "2,290"
  },
  {
    "Product": "Soybean Oil",
    "Water Footprint (Liters)": "5,535"
  },
  {
    "Product": "Spaghetti Sauce",
    "Water Footprint (Liters)": "2,200"
  },
  {
    "Product": "Spices (Assorted)",
    "Water Footprint (Liters)": "3,450"
  },
  {
    "Product": "Spinach",
    "Water Footprint (Liters)": "184"
  },
  {
    "Product": "Sponge Cake",
    "Water Footprint (Liters)": "2,150"
  },
  {
    "Product": "Spring Rolls",
    "Water Footprint (Liters)": "3,000"
  },
  {
    "Product": "Squash (Butternut)",
    "Water Footprint (Liters)": "1,720"
  },
  {
    "Product": "Steak (Pork)",
    "Water Footprint (Liters)": "2,840"
  },
  {
    "Product": "Stir-fried Rice",
    "Water Footprint (Liters)": "1,750"
  },
  {
    "Product": "Sugar Cane",
    "Water Footprint (Liters)": "1,827"
  },
  {
    "Product": "Sunflower Oil",
    "Water Footprint (Liters)": "5,084"
  },
  {
    "Product": "Sushi (Vegetarian)",
    "Water Footprint (Liters)": "2,200"
  },
  {
    "Product": "Sweet and Sour Chicken",
    "Water Footprint (Liters)": "3,200"
  },
  {
    "Product": "Sweet Corn",
    "Water Footprint (Liters)": "1,100"
  },
  {
    "Product": "Sweet Potato Fries",
    "Water Footprint (Liters)": "2,420"
  },
  {
    "Product": "Sweet Potatoes",
    "Water Footprint (Liters)": "45"
  },
  {
    "Product": "T-shirt (Cotton)",
    "Water Footprint (Liters)": "2,720"
  },
  {
    "Product": "Tacos (Beef)",
    "Water Footprint (Liters)": "2,900"
  },
  {
    "Product": "Tofu",
    "Water Footprint (Liters)": "288"
  },
  {
    "Product": "Tofu Scramble",
    "Water Footprint (Liters)": "2,800"
  },
  {
    "Product": "Tomatoes",
    "Water Footprint (Liters)": "214"
  },
  {
    "Product": "Tuna Salad",
    "Water Footprint (Liters)": "3,050"
  },
  {
    "Product": "Turkey",
    "Water Footprint (Liters)": "492"
  },
  {
    "Product": "Vanilla Beans",
    "Water Footprint (Liters)": "52,648"
  },
  {
    "Product": "Vanilla Ice Cream",
    "Water Footprint (Liters)": "3,850"
  },
  {
    "Product": "Vegetable Soup",
    "Water Footprint (Liters)": "2,300"
  },
  {
    "Product": "Veggie Burger",
    "Water Footprint (Liters)": "3,200"
  },
  {
    "Product": "Vinegar (White)",
    "Water Footprint (Liters)": "1,850"
  },
  {
    "Product": "Waffles",
    "Water Footprint (Liters)": "2,200"
  },
  {
    "Product": "Walnut Pie",
    "Water Footprint (Liters)": "3,100"
  },
  {
    "Product": "Walnuts",
    "Water Footprint (Liters)": "1,056"
  },
  {
    "Product": "Watercress",
    "Water Footprint (Liters)": "1,200"
  },
  {
    "Product": "Watermelons",
    "Water Footprint (Liters)": "26"
  },
  {
    "Product": "Wheat Flour",
    "Water Footprint (Liters)": "1,527"
  },
  {
    "Product": "Wine",
    "Water Footprint (Liters)": "34"
  },
  {
    "Product": "Yogurt",
    "Water Footprint (Liters)": "1,019"
  }
]